Registro;Hora;Dir.;Operador;Camion ID;Camion Volumen (m3);Total (m3);Modelo
230101-001197;45502.99892;ENTRA;T53;T53;202;202;Mercedes
230101-001196;45502.99858;ENTRA;L31;L31;20;20;Mercedes
230101-001195;45502.99679;ENTRA;T43;T43;173;173;Mercedes
230101-001194;45502.99637;ENTRA;F51;F51;195;195;Volvo
230101-001193;45502.99458;ENTRA;X32;X32;177;177;Volvo
230101-001192;45502.99287;ENTRA;W10;W10;193;193;Mercedes
230101-001191;45502.98273;ENTRA;W59;W59;198;198;Volvo
230101-001190;45502.98247;ENTRA;L78;L78;192;192;Mercedes
230101-001189;45502.98172;ENTRA;K29;K29;209;209;Volvo
230101-001188;45502.98106;ENTRA;S56;S56;202;202;Volvo
230101-001187;45502.98083;ENTRA;L13;L13;188;188;Volvo
230101-001186;45502.98059;ENTRA;X98;X98;212;212;Volvo
230101-001185;45502.97772;ENTRA;J63;J63;184;184;Mercedes
230101-001184;45502.97581;ENTRA;V45;V45;203;203;Volvo
230101-001183;45502.97564;ENTRA;F28;F28;211;211;Volvo
230101-001182;45502.97397;ENTRA;L80;L80;192;192;Mercedes
230101-001181;45502.97172;ENTRA;F94;F94;201;201;Volvo
230101-001180;45502.97082;ENTRA;W12;W12;193;193;Mercedes
230101-001179;45502.96844;ENTRA;F31;F31;213;213;Volvo
230101-001178;45502.95964;ENTRA;K79;K79;215;215;Volvo
230101-001177;45502.95931;ENTRA;L75;L75;199;199;Mercedes
230101-001176;45502.95887;ENTRA;S57;S57;21;21;Volvo
230101-001175;45502.95841;ENTRA;K48;K48;202;202;Volvo
230101-001174;45502.95799;ENTRA;H32;H32;195;195;Mercedes
230101-001173;45502.95753;ENTRA;X15;X15;189;189;Mercedes
230101-001172;45502.9544;ENTRA;T53;T53;202;202;Mercedes
230101-001171;45502.95344;ENTRA;W78;W78;182;182;Mercedes
230101-001170;45502.9531;ENTRA;Z90;Z90;201;201;Volvo
230101-001169;45502.95206;ENTRA;H21;H21;227;227;Volvo
230101-001168;45502.94802;ENTRA;F33;F33;20;20;Volvo
230101-001167;45502.9447;ENTRA;V55;V55;194;194;Volvo
230101-001166;45502.94441;ENTRA;T51;T51;192;192;Mercedes
230101-001165;45502.94407;ENTRA;F92;F92;208;208;Volvo
230101-001164;45502.94234;ENTRA;Z82;Z82;207;207;Mercedes
230101-001163;45502.9416;ENTRA;J10;J10;198;198;Volvo
230101-001162;45502.93985;ENTRA;L79;L79;194;194;Mercedes
230101-001161;45502.93941;ENTRA;V45;V45;197;197;Volvo
230101-001160;45502.939;ENTRA;T43;T43;20;20;Mercedes
230101-001159;45502.93872;ENTRA;X32;X32;188;188;Volvo
230101-001158;45502.93848;ENTRA;W58;W58;203;203;Volvo
230101-001157;45502.93819;ENTRA;L80;L80;195;195;Mercedes
230101-001156;45502.93743;ENTRA;V82;V82;195;195;Mercedes
230101-001155;45502.93726;ENTRA;L31;L31;199;199;Mercedes
230101-001154;45502.93706;ENTRA;F51;F51;192;192;Volvo
230101-001153;45502.93596;ENTRA;W10;W10;193;193;Mercedes
230101-001152;45502.93097;ENTRA;L78;L78;196;196;Mercedes
230101-001151;45502.93074;ENTRA;K29;K29;202;202;Volvo
230101-001150;45502.92461;ENTRA;L13;L13;195;195;Volvo
230101-001149;45502.91038;ENTRA;T53;T53;19;19;Mercedes
230101-001148;45502.908;ENTRA;H30;H30;201;201;Mercedes
230101-001147;45502.90226;ENTRA;J63;J63;184;184;Mercedes
230101-001146;45502.89992;ENTRA;V45;V45;192;192;Volvo
230101-001145;45502.89942;ENTRA;F31;F31;223;223;Volvo
230101-001144;45502.89729;ENTRA;L80;L80;185;185;Mercedes
230101-001143;45502.89598;ENTRA;K79;K79;226;226;Volvo
230101-001142;45502.89424;ENTRA;S57;S57;20;20;Volvo
230101-001141;45502.8938;ENTRA;X15;X15;205;205;Mercedes
230101-001140;45502.8922;ENTRA;K48;K48;194;194;Volvo
230101-001139;45502.88826;ENTRA;Z90;Z90;193;193;Volvo
230101-001138;45502.88766;ENTRA;V43;V43;194;194;Volvo
230101-001137;45502.88751;ENTRA;K47;K47;201;201;Volvo
230101-001136;45502.88712;ENTRA;W12;W12;212;212;Mercedes
230101-001135;45502.88684;ENTRA;L75;L75;195;195;Mercedes
230101-001134;45502.88479;ENTRA;V55;V55;207;207;Volvo
230101-001133;45502.88382;ENTRA;H32;H32;201;201;Mercedes
230101-001132;45502.88211;ENTRA;T51;T51;192;192;Mercedes
230101-001131;45502.87657;ENTRA;L31;L31;195;195;Mercedes
230101-001130;45502.87613;ENTRA;T43;T43;185;185;Mercedes
230101-001129;45502.87389;ENTRA;X32;X32;176;176;Volvo
230101-001128;45502.87186;ENTRA;W78;W78;203;203;Mercedes
230101-001127;45502.87058;ENTRA;F51;F51;195;195;Volvo
230101-001126;45502.86725;ENTRA;F33;F33;208;208;Volvo
230101-001125;45502.86464;ENTRA;L78;L78;187;187;Mercedes
230101-001124;45502.86285;ENTRA;J63;J63;20;20;Mercedes
230101-001123;45502.86253;ENTRA;L13;L13;199;199;Volvo
230101-001122;45502.86213;ENTRA;F88;F88;186;186;Mercedes
230101-001121;45502.86177;ENTRA;W10;W10;19;19;Mercedes
230101-001120;45502.86073;ENTRA;X98;X98;197;197;Volvo
230101-001119;45502.86008;ENTRA;K29;K29;202;202;Volvo
230101-001118;45502.85817;ENTRA;V45;V45;209;209;Volvo
230101-001117;45502.85744;ENTRA;T53;T53;201;201;Mercedes
230101-001116;45502.85697;ENTRA;L80;L80;203;203;Mercedes
230101-001115;45502.85229;ENTRA;S77;S77;202;202;Volvo
230101-001114;45502.81535;ENTRA;J10;J10;216;216;Volvo
230101-001113;45502.81391;ENTRA;K46;K46;201;201;Volvo
230101-001112;45502.80925;ENTRA;P27;P27;209;209;Volvo
230101-001111;45502.80661;ENTRA;L67;L67;214;214;Mercedes
230101-001110;45502.80321;ENTRA;S36;S36;208;208;Mercedes
230101-001109;45502.79991;ENTRA;F29;F29;228;228;Volvo
230101-001108;45502.79861;ENTRA;H21;H21;207;207;Volvo
230101-001107;45502.79322;ENTRA;X15;X15;202;202;Mercedes
230101-001106;45502.78973;ENTRA;K48;K48;205;205;Volvo
230101-001105;45502.78932;ENTRA;V44;V44;22;22;Volvo
230101-001104;45502.78103;ENTRA;K79;K79;212;212;Volvo
230101-001103;45502.78058;ENTRA;T51;T51;203;203;Mercedes
230101-001102;45502.77691;ENTRA;K47;K47;211;211;Volvo
230101-001101;45502.77634;ENTRA;B34;B34;196;196;Volvo
230101-001100;45502.77595;ENTRA;Z90;Z90;211;211;Volvo
230101-001099;45502.77456;ENTRA;F28;F28;216;216;Volvo
230101-001098;45502.77244;ENTRA;L13;L13;205;205;Volvo
230101-001097;45502.77106;ENTRA;W58;W58;211;211;Volvo
230101-001096;45502.77072;ENTRA;H92;H92;211;211;Volvo
230101-001095;45502.77017;ENTRA;R84;R84;187;187;Mercedes
230101-001094;45502.76963;ENTRA;Z92;Z92;211;211;Volvo
230101-001093;45502.76927;ENTRA;Z82;Z82;204;204;Mercedes
230101-001092;45502.76757;ENTRA;H32;H32;194;194;Mercedes
230101-001091;45502.76712;ENTRA;S77;S77;203;203;Volvo
230101-001090;45502.76676;ENTRA;V45;V45;195;195;Volvo
230101-001089;45502.766;ENTRA;F92;F92;229;229;Volvo
230101-001088;45502.76416;ENTRA;L78;L78;203;203;Mercedes
230101-001087;45502.76328;ENTRA;L80;L80;198;198;Mercedes
230101-001086;45502.76046;ENTRA;S56;S56;202;202;Volvo
230101-001085;45502.76016;ENTRA;J54;J54;194;194;Mercedes
230101-001084;45502.75981;ENTRA;W78;W78;187;187;Mercedes
230101-001083;45502.7594;ENTRA;J74;J74;198;198;Volvo
230101-001082;45502.7588;ENTRA;W10;W10;203;203;Mercedes
230101-001081;45502.75845;ENTRA;X98;X98;212;212;Volvo
230101-001080;45502.75713;ENTRA;T43;T43;204;204;Mercedes
230101-001079;45502.75677;ENTRA;K29;K29;188;188;Volvo
230101-001078;45502.75606;ENTRA;L79;L79;205;205;Mercedes
230101-001077;45502.75424;ENTRA;L77;L77;214;214;Mercedes
230101-001076;45502.7539;ENTRA;Y28;Y28;199;199;Volvo
230101-001075;45502.75308;ENTRA;H30;H30;214;214;Mercedes
230101-001074;45502.75257;ENTRA;F93;F93;214;214;Volvo
230101-001073;45502.75045;ENTRA;K46;K46;208;208;Volvo
230101-001072;45502.74866;ENTRA;P27;P27;211;211;Volvo
230101-001071;45502.74654;ENTRA;V82;V82;198;198;Mercedes
230101-001070;45502.74563;ENTRA;F88;F88;207;207;Mercedes
230101-001069;45502.74303;ENTRA;T54;T54;208;208;Mercedes
230101-001068;45502.74267;ENTRA;X15;X15;209;209;Mercedes
230101-001067;45502.73891;ENTRA;F94;F94;227;227;Volvo
230101-001066;45502.73833;ENTRA;W12;W12;207;207;Mercedes
230101-001065;45502.73641;ENTRA;K48;K48;185;185;Volvo
230101-001064;45502.73507;ENTRA;Z84;Z84;206;206;Volvo
230101-001063;45502.73424;ENTRA;F29;F29;219;219;Volvo
230101-001062;45502.7328;ENTRA;V43;V43;198;198;Volvo
230101-001061;45502.73227;ENTRA;W58;W58;205;205;Volvo
230101-001060;45502.73192;ENTRA;H21;H21;232;232;Volvo
230101-001059;45502.72615;ENTRA;X32;X32;209;209;Volvo
230101-001058;45502.72439;ENTRA;TT43;TT43;212;212;Mercedes
230101-001057;45502.72344;ENTRA;S79;S79;203;203;Volvo
230101-001056;45502.72306;ENTRA;S57;S57;213;213;Volvo
230101-001055;45502.71733;ENTRA;Y18;Y18;223;223;Volvo
230101-001054;45502.71685;ENTRA;B34;B34;208;208;Volvo
230101-001053;45502.71634;ENTRA;F28;F28;196;196;Volvo
230101-001052;45502.71601;ENTRA;L13;L13;208;208;Volvo
230101-001051;45502.71412;ENTRA;H92;H92;204;204;Volvo
230101-001050;45502.71375;ENTRA;K79;K79;232;232;Volvo
230101-001049;45502.71269;ENTRA;L31;L31;19;19;Mercedes
230101-001048;45502.70948;ENTRA;K47;K47;211;211;Volvo
230101-001047;45502.70764;ENTRA;Z92;Z92;208;208;Volvo
230101-001046;45502.70735;ENTRA;Z82;Z82;188;188;Mercedes
230101-001045;45502.7041;ENTRA;R84;R84;181;181;Mercedes
230101-001044;45502.70271;ENTRA;L78;L78;202;202;Mercedes
230101-001043;45502.69991;ENTRA;W10;W10;185;185;Mercedes
230101-001042;45502.69956;ENTRA;J54;J54;204;204;Mercedes
230101-001041;45502.69916;ENTRA;F93;F93;227;227;Volvo
230101-001040;45502.69637;ENTRA;W78;W78;188;188;Mercedes
230101-001039;45502.69225;ENTRA;V45;V45;198;198;Volvo
230101-001038;45502.69191;ENTRA;X15;X15;213;213;Mercedes
230101-001037;45502.69025;ENTRA;T54;T54;209;209;Mercedes
230101-001036;45502.68877;ENTRA;L80;L80;196;196;Mercedes
230101-001035;45502.6822;ENTRA;T51;T51;201;201;Mercedes
230101-001034;45502.68162;ENTRA;K48;K48;183;183;Volvo
230101-001033;45502.67793;ENTRA;X33;X33;214;214;Volvo
230101-001032;45502.67743;ENTRA;X31;X31;219;219;Volvo
230101-001031;45502.67714;ENTRA;H92;H92;206;206;Volvo
230101-001030;45502.67637;ENTRA;X98;X98;195;195;Volvo
230101-001029;45502.67542;ENTRA;F88;F88;194;194;Mercedes
230101-001028;45502.67424;ENTRA;V43;V43;207;207;Volvo
230101-001027;45502.67236;ENTRA;J63;J63;178;178;Mercedes
230101-001026;45502.6678;ENTRA;K29;K29;212;212;Volvo
230101-001025;45502.66741;ENTRA;F92;F92;217;217;Volvo
230101-001024;45502.66654;ENTRA;J10;J10;212;212;Volvo
230101-001023;45502.66414;ENTRA;T43;T43;204;204;Mercedes
230101-001022;45502.66316;ENTRA;L79;L79;183;183;Mercedes
230101-001021;45502.66282;ENTRA;S57;S57;205;205;Volvo
230101-001020;45502.66157;ENTRA;K46;K46;213;213;Volvo
230101-001019;45502.66094;ENTRA;L77;L77;183;183;Mercedes
230101-001018;45502.66051;ENTRA;TT43;TT43;201;201;Mercedes
230101-001017;45502.65984;ENTRA;K28;K28;208;208;Volvo
230101-001016;45502.65476;ENTRA;W59;W59;206;206;Volvo
230101-001015;45502.65373;ENTRA;H21;H21;237;237;Volvo
230101-001014;45502.65258;ENTRA;J79;J79;208;208;Volvo
230101-001013;45502.65159;ENTRA;J74;J74;199;199;Volvo
230101-001012;45502.65088;ENTRA;L75;L75;25;25;Mercedes
230101-001011;45502.65052;ENTRA;V44;V44;0;0;Volvo
230101-001010;45502.65003;ENTRA;Y28;Y28;194;194;Volvo
230101-001009;45502.64918;ENTRA;Z84;Z84;208;208;Volvo
230101-001008;45502.6489;ENTRA;X32;X32;211;211;Volvo
230101-001007;45502.64806;ENTRA;S79;S79;187;187;Volvo
230101-001006;45502.6478;ENTRA;V45;V45;213;213;Volvo
230101-001005;45502.64721;ENTRA;K79;K79;234;234;Volvo
230101-001004;45502.64598;ENTRA;L80;L80;196;196;Mercedes
230101-001003;45502.64405;ENTRA;F31;F31;225;225;Volvo
230101-001002;45502.6436;ENTRA;L31;L31;208;208;Mercedes
230101-001001;45502.64301;ENTRA;L13;L13;20;20;Volvo
230101-001000;45502.64238;ENTRA;B34;B34;191;191;Volvo
230101-000999;45502.64205;ENTRA;W58;W58;207;207;Volvo
230101-000998;45502.64111;ENTRA;Z92;Z92;209;209;Volvo
230101-000997;45502.63811;ENTRA;X15;X15;185;185;Mercedes
230101-000996;45502.63674;ENTRA;F88;F88;203;203;Mercedes
230101-000995;45502.63551;ENTRA;Z82;Z82;191;191;Mercedes
230101-000994;45502.63148;ENTRA;F93;F93;21;21;Volvo
230101-000993;45502.62667;ENTRA;L78;L78;194;194;Mercedes
230101-000992;45502.6255;ENTRA;J54;J54;204;204;Mercedes
230101-000991;45502.62137;ENTRA;X33;X33;203;203;Volvo
230101-000990;45502.62088;ENTRA;K48;K48;215;215;Volvo
230101-000989;45502.61881;ENTRA;W60;W60;207;207;Volvo
230101-000988;45502.61331;ENTRA;F92;F92;231;231;Volvo
230101-000987;45502.6111;ENTRA;J63;J63;207;207;Mercedes
230101-000986;45502.60622;ENTRA;X98;X98;203;203;Volvo
230101-000985;45502.59919;ENTRA;K46;K46;217;217;Volvo
230101-000984;45502.5775;ENTRA;R84;R84;199;199;Mercedes
230101-000983;45502.55711;ENTRA;L79;L79;193;193;Mercedes
230101-000982;45502.55561;ENTRA;J10;J10;22;22;Volvo
230101-000981;45502.55407;ENTRA;W58;W58;199;199;Volvo
230101-000980;45502.55318;ENTRA;T43;T43;201;201;Mercedes
230101-000979;45502.55147;ENTRA;L13;L13;207;207;Volvo
230101-000978;45502.55111;ENTRA;S79;S79;19;19;Volvo
230101-000977;45502.54969;ENTRA;L78;L78;197;197;Mercedes
230101-000976;45502.54818;ENTRA;L31;L31;217;217;Mercedes
230101-000975;45502.54753;ENTRA;Z92;Z92;207;207;Volvo
230101-000974;45502.546;ENTRA;S57;S57;203;203;Volvo
230101-000973;45502.54471;ENTRA;H21;H21;226;226;Volvo
230101-000972;45502.54135;ENTRA;Z84;Z84;205;205;Volvo
230101-000971;45502.53725;ENTRA;V45;V45;203;203;Volvo
230101-000970;45502.53691;ENTRA;L80;L80;192;192;Mercedes
230101-000969;45502.53633;ENTRA;B34;B34;188;188;Volvo
230101-000968;45502.53444;ENTRA;H92;H92;214;214;Volvo
230101-000967;45502.5341;ENTRA;K79;K79;221;221;Volvo
230101-000966;45502.52946;ENTRA;F88;F88;212;212;Mercedes
230101-000939;45502.52696;ENTRA;V45;V45;21;21;Volvo
230101-000938;45502.52649;ENTRA;L78;L78;216;216;Mercedes
230101-000937;45502.52541;ENTRA;L80;L80;201;201;Mercedes
230101-000965;45502.52367;ENTRA;Z90;Z90;208;208;Volvo
230101-000964;45502.52337;ENTRA;F51;F51;198;198;Volvo
230101-000936;45502.52256;ENTRA;F88;F88;209;209;Mercedes
230101-000935;45502.51995;ENTRA;W58;W58;203;203;Volvo
230101-000934;45502.51878;ENTRA;L13;L13;202;202;Volvo
230101-000963;45502.51862;ENTRA;W58;W58;192;192;Volvo
230101-000962;45502.51819;ENTRA;K48;K48;196;196;Volvo
230101-000933;45502.51809;ENTRA;W12;W12;211;211;Mercedes
230101-000961;45502.51684;ENTRA;H30;H30;207;207;Mercedes
230101-000932;45502.51595;ENTRA;F28;F28;221;221;Volvo
230101-000960;45502.51556;ENTRA;L13;L13;20;20;Volvo
230101-000931;45502.51538;ENTRA;B34;B34;19;19;Volvo
230101-000959;45502.51527;ENTRA;W12;W12;205;205;Mercedes
230101-000958;45502.51395;ENTRA;X33;X33;192;192;Volvo
230101-000930;45502.51352;ENTRA;K79;K79;226;226;Volvo
230101-000957;45502.5135;ENTRA;T51;T51;204;204;Mercedes
230101-000929;45502.51133;ENTRA;Z92;Z92;222;222;Volvo
230101-000956;45502.5113;ENTRA;F92;F92;211;211;Volvo
230101-000928;45502.51097;ENTRA;F31;F31;227;227;Volvo
230101-000955;45502.51093;ENTRA;W59;W59;201;201;Volvo
230101-000954;45502.51012;ENTRA;K47;K47;205;205;Volvo
230101-000953;45502.50953;ENTRA;Z82;Z82;202;202;Mercedes
230101-000952;45502.5085;ENTRA;W78;W78;196;196;Mercedes
230101-000927;45502.50795;ENTRA;H21;H21;231;231;Volvo
230101-000951;45502.50769;ENTRA;Z92;Z92;223;223;Volvo
230101-000950;45502.50736;ENTRA;X98;X98;211;211;Volvo
230101-000949;45502.50692;ENTRA;J54;J54;205;205;Mercedes
230101-000948;45502.50444;ENTRA;J63;J63;196;196;Mercedes
230101-000947;45502.50404;ENTRA;H21;H21;23;23;Volvo
230101-000946;45502.50278;ENTRA;X32;X32;206;206;Volvo
230101-000945;45502.50189;ENTRA;Z84;Z84;222;222;Volvo
230101-000944;45502.49595;ENTRA;L79;L79;199;199;Mercedes
230101-000943;45502.4952;ENTRA;K46;K46;208;208;Volvo
230101-000942;45502.49337;ENTRA;T43;T43;197;197;Mercedes
230101-000941;45502.49126;ENTRA;L31;L31;205;205;Mercedes
230101-000940;45502.48872;ENTRA;J10;J10;238;238;Volvo
230101-000926;45502.46591;ENTRA;F51;F51;183;183;Volvo
230101-000925;45502.23807;ENTRA;S57;S57;187;187;Volvo
230101-000924;45502.23661;ENTRA;T53;T53;202;202;Mercedes
230101-000923;45502.23534;ENTRA;F33;F33;224;224;Volvo
230101-000922;45502.23515;ENTRA;L80;L80;193;193;Mercedes
230101-000921;45502.231;ENTRA;J63;J63;19;19;Mercedes
230101-000920;45502.22834;ENTRA;V45;V45;20;20;Volvo
230101-000919;45502.22568;ENTRA;W59;W59;198;198;Volvo
230101-000918;45502.22395;ENTRA;L79;L79;196;196;Mercedes
230101-000917;45502.2237;ENTRA;L78;L78;191;191;Mercedes
230101-000916;45502.22287;ENTRA;V55;V55;207;207;Volvo
230101-000915;45502.2202;ENTRA;L13;L13;194;194;Volvo
230101-000914;45502.21289;ENTRA;T43;T43;20;20;Mercedes
230101-000913;45502.20919;ENTRA;H21;H21;213;213;Volvo
230101-000912;45502.2089;ENTRA;Z90;Z90;194;194;Volvo
230101-000911;45502.20854;ENTRA;K48;K48;202;202;Volvo
230101-000910;45502.20584;ENTRA;T51;T51;192;192;Mercedes
230101-000909;45502.20559;ENTRA;J10;J10;213;213;Volvo
230101-000908;45502.20289;ENTRA;H32;H32;20;20;Mercedes
230101-000907;45502.19321;ENTRA;V82;V82;191;191;Mercedes
230101-000906;45502.19299;ENTRA;W10;W10;193;193;Mercedes
230101-000905;45502.18583;ENTRA;K47;K47;195;195;Volvo
230101-000904;45502.18243;ENTRA;S57;S57;201;201;Volvo
230101-000903;45502.18208;ENTRA;L80;L80;215;215;Mercedes
230101-000902;45502.17091;ENTRA;K29;K29;196;196;Volvo
230101-000901;45502.16645;ENTRA;W59;W59;204;204;Volvo
230101-000900;45502.16612;ENTRA;X32;X32;185;185;Volvo
230101-000899;45502.16278;ENTRA;L13;L13;192;192;Volvo
230101-000898;45502.16257;ENTRA;L31;L31;213;213;Mercedes
230101-000897;45502.15722;ENTRA;X98;X98;189;189;Volvo
230101-000896;45502.15696;ENTRA;X15;X15;206;206;Mercedes
230101-000895;45502.15429;ENTRA;Y28;Y28;203;203;Volvo
230101-000894;45502.15409;ENTRA;L78;L78;194;194;Mercedes
230101-000893;45502.15119;ENTRA;W60;W60;199;199;Volvo
230101-000892;45502.14919;ENTRA;F94;F94;211;211;Volvo
230101-000891;45502.14902;ENTRA;W78;W78;199;199;Mercedes
230101-000890;45502.14634;ENTRA;F33;F33;197;197;Volvo
230101-000889;45502.13919;ENTRA;J10;J10;214;214;Volvo
230101-000888;45502.13847;ENTRA;H32;H32;185;185;Mercedes
230101-000887;45502.13083;ENTRA;K47;K47;19;19;Volvo
230101-000886;45502.12806;ENTRA;J63;J63;196;196;Mercedes
230101-000885;45502.12713;ENTRA;H30;H30;195;195;Mercedes
230101-000884;45502.11626;ENTRA;L13;L13;189;189;Volvo
230101-000883;45502.10966;ENTRA;K29;K29;205;205;Volvo
230101-000882;45502.10384;ENTRA;W10;W10;202;202;Mercedes
230101-000881;45502.09938;ENTRA;L80;L80;196;196;Mercedes
230101-000880;45502.09618;ENTRA;W60;W60;19;19;Volvo
230101-000879;45502.09573;ENTRA;W78;W78;198;198;Mercedes
230101-000878;45502.09288;ENTRA;T51;T51;198;198;Mercedes
230101-000877;45502.09081;ENTRA;Z90;Z90;203;203;Volvo
230101-000876;45502.08816;ENTRA;V55;V55;207;207;Volvo
230101-000875;45502.08168;ENTRA;S57;S57;201;201;Volvo
230101-000874;45502.07671;ENTRA;K48;K48;196;196;Volvo
230101-000873;45502.07338;ENTRA;F31;F31;217;217;Volvo
230101-000872;45502.07163;ENTRA;X32;X32;197;197;Volvo
230101-000871;45502.07074;ENTRA;W59;W59;209;209;Volvo
230101-000870;45502.06324;ENTRA;J11;J11;214;214;Volvo
230101-000869;45502.06213;ENTRA;Y28;Y28;202;202;Volvo
230101-000868;45502.06064;ENTRA;X98;X98;191;191;Volvo
230101-000867;45502.06036;ENTRA;Z82;Z82;198;198;Mercedes
230101-000866;45502.05613;ENTRA;L78;L78;199;199;Mercedes
230101-000865;45502.0556;ENTRA;L79;L79;199;199;Mercedes
230101-000864;45502.05194;ENTRA;F33;F33;228;228;Volvo
230101-000863;45502.04987;ENTRA;F94;F94;214;214;Volvo
230101-000862;45502.04965;ENTRA;L31;L31;18;18;Mercedes
230101-000861;45502.04449;ENTRA;W12;W12;191;191;Mercedes
230101-000860;45502.03906;ENTRA;F93;F93;213;213;Volvo
230101-000859;45502.03823;ENTRA;J10;J10;212;212;Volvo
230101-000858;45502.03747;ENTRA;K28;K28;196;196;Volvo
230101-000857;45502.03473;ENTRA;X15;X15;19;19;Mercedes
230101-000856;45502.02817;ENTRA;K29;K29;197;197;Volvo
230101-000855;45502.0258;ENTRA;W59;W59;193;193;Volvo
230101-000854;45502.02554;ENTRA;H32;H32;21;21;Mercedes
230101-000853;45502.02463;ENTRA;H30;H30;196;196;Mercedes
230101-000852;45502.02184;ENTRA;K47;K47;198;198;Volvo
230101-000851;45502.02079;ENTRA;L13;L13;191;191;Volvo
230101-000850;45502.02056;ENTRA;T51;T51;183;183;Mercedes
230101-000849;45502.02034;ENTRA;Z90;Z90;204;204;Volvo
230101-000848;45502.017;ENTRA;V55;V55;201;201;Volvo
230101-000847;45502.0153;ENTRA;Y28;Y28;188;188;Volvo
230101-000846;45502.01395;ENTRA;J74;J74;205;205;Volvo
230101-000845;45502.01252;ENTRA;X32;X32;206;206;Volvo
230101-000844;45502.00639;ENTRA;L80;L80;191;191;Mercedes
230101-000843;45502.00557;ENTRA;W58;W58;185;185;Volvo
230101-000842;45502.00536;ENTRA;K48;K48;191;191;Volvo
230101-000841;45502.00054;ENTRA;J63;J63;20;20;Mercedes
230101-000840;45502.00042;ENTRA;J11;J11;197;197;Volvo
230101-000839;45501.9984;ENTRA;F33;F33;199;199;Volvo
230101-000838;45501.99652;ENTRA;Z82;Z82;191;191;Mercedes
230101-000837;45501.99493;ENTRA;L77;L77;195;195;Mercedes
230101-000836;45501.99464;ENTRA;W60;W60;204;204;Volvo
230101-000835;45501.99251;ENTRA;F94;F94;211;211;Volvo
230101-000834;45501.99186;ENTRA;X98;X98;198;198;Volvo
230101-000833;45501.99073;ENTRA;L67;L67;167;167;Mercedes
230101-000832;45501.99006;ENTRA;X31;X31;194;194;Volvo
230101-000831;45501.9898;ENTRA;J10;J10;208;208;Volvo
230101-000830;45501.98588;ENTRA;L31;L31;199;199;Mercedes
230101-000829;45501.97646;ENTRA;W78;W78;188;188;Mercedes
230101-000828;45501.97462;ENTRA;W10;W10;184;184;Mercedes
230101-000827;45501.97316;ENTRA;L80;L80;204;204;Mercedes
230101-000826;45501.97226;ENTRA;S79;S79;194;194;Volvo
230101-000825;45501.97164;ENTRA;T53;T53;197;197;Mercedes
230101-000824;45501.97126;ENTRA;H32;H32;192;192;Mercedes
230101-000823;45501.96865;ENTRA;Y28;Y28;198;198;Volvo
230101-000822;45501.96714;ENTRA;K47;K47;194;194;Volvo
230101-000821;45501.96209;ENTRA;T51;T51;197;197;Mercedes
230101-000820;45501.96188;ENTRA;Z90;Z90;197;197;Volvo
230101-000819;45501.96096;ENTRA;H30;H30;19;19;Mercedes
230101-000818;45501.95668;ENTRA;S56;S56;203;203;Volvo
230101-000817;45501.94726;ENTRA;K48;K48;198;198;Volvo
230101-000816;45501.94589;ENTRA;X32;X32;20;20;Volvo
230101-000815;45501.94297;ENTRA;J11;J11;214;214;Volvo
230101-000814;45501.94262;ENTRA;V55;V55;193;193;Volvo
230101-000813;45501.93987;ENTRA;L78;L78;195;195;Mercedes
230101-000812;45501.93848;ENTRA;F92;F92;192;192;Volvo
230101-000811;45501.93802;ENTRA;L80;L80;218;218;Mercedes
230101-000810;45501.93748;ENTRA;J10;J10;206;206;Volvo
230101-000809;45501.93563;ENTRA;L67;L67;19;19;Mercedes
230101-000808;45501.93308;ENTRA;L77;L77;173;173;Mercedes
230101-000807;45501.93166;ENTRA;L13;L13;214;214;Volvo
230101-000806;45501.93135;ENTRA;X31;X31;184;184;Volvo
230101-000805;45501.92865;ENTRA;L31;L31;191;191;Mercedes
230101-000804;45501.92839;ENTRA;Z92;Z92;207;207;Volvo
230101-000803;45501.92624;ENTRA;W78;W78;198;198;Mercedes
230101-000802;45501.92477;ENTRA;T53;T53;193;193;Mercedes
230101-000801;45501.92082;ENTRA;W10;W10;188;188;Mercedes
230101-000800;45501.91469;ENTRA;S79;S79;182;182;Volvo
230101-000799;45501.91113;ENTRA;K29;K29;184;184;Volvo
230101-000798;45501.90551;ENTRA;L80;L80;201;201;Mercedes
230101-000797;45501.89743;ENTRA;F93;F93;217;217;Volvo
230101-000796;45501.89727;ENTRA;T51;T51;195;195;Mercedes
230101-000795;45501.89626;ENTRA;Z90;Z90;193;193;Volvo
230101-000794;45501.89471;ENTRA;T54;T54;198;198;Mercedes
230101-000793;45501.8945;ENTRA;K47;K47;193;193;Volvo
230101-000792;45501.89385;ENTRA;H32;H32;189;189;Mercedes
230101-000791;45501.88723;ENTRA;H21;H21;185;185;Volvo
230101-000790;45501.88117;ENTRA;F33;F33;214;214;Volvo
230101-000789;45501.86887;ENTRA;J10;J10;21;21;Volvo
230101-000788;45501.86671;ENTRA;L78;L78;173;173;Mercedes
230101-000787;45501.86557;ENTRA;J11;J11;224;224;Volvo
230101-000786;45501.86392;ENTRA;L67;L67;211;211;Mercedes
230101-000785;45501.86366;ENTRA;V45;V45;202;202;Volvo
230101-000784;45501.86322;ENTRA;V43;V43;222;222;Volvo
230101-000783;45501.86307;ENTRA;T53;T53;208;208;Mercedes
230101-000782;45501.86255;ENTRA;L80;L80;197;197;Mercedes
230101-000781;45501.85914;ENTRA;S77;S77;209;209;Volvo
230101-000780;45501.8583;ENTRA;X31;X31;201;201;Volvo
230101-000779;45501.81014;ENTRA;R84;R84;194;194;Mercedes
230101-000778;45501.80517;ENTRA;W10;W10;20;20;Mercedes
230101-000777;45501.80334;ENTRA;S36;S36;204;204;Mercedes
230101-000776;45501.80015;ENTRA;X15;X15;218;218;Mercedes
230101-000775;45501.79963;ENTRA;T51;T51;0;0;Mercedes
230101-000774;45501.79634;ENTRA;F94;F94;233;233;Volvo
230101-000773;45501.79503;ENTRA;Z82;Z82;195;195;Mercedes
230101-000772;45501.79209;ENTRA;H92;H92;0;0;Volvo
230101-000771;45501.78955;ENTRA;J54;J54;201;201;Mercedes
230101-000770;45501.7881;ENTRA;X32;X32;193;193;Volvo
230101-000769;45501.78779;ENTRA;F33;F33;222;222;Volvo
230101-000768;45501.786;ENTRA;K79;K79;225;225;Volvo
230101-000767;45501.78311;ENTRA;S79;S79;208;208;Volvo
230101-000766;45501.78144;ENTRA;Y28;Y28;208;208;Volvo
230101-000765;45501.78053;ENTRA;F51;F51;203;203;Volvo
230101-000764;45501.77916;ENTRA;K29;K29;201;201;Volvo
230101-000763;45501.77888;ENTRA;Z90;Z90;213;213;Volvo
230101-000762;45501.77854;ENTRA;L13;L13;212;212;Volvo
230101-000761;45501.77708;ENTRA;K48;K48;212;212;Volvo
230101-000760;45501.77655;ENTRA;W60;W60;192;192;Volvo
230101-000759;45501.77531;ENTRA;K47;K47;214;214;Volvo
230101-000758;45501.7747;ENTRA;W12;W12;206;206;Mercedes
230101-000757;45501.77237;ENTRA;L78;L78;199;199;Mercedes
230101-000756;45501.77205;ENTRA;J10;J10;193;193;Volvo
230101-000755;45501.77056;ENTRA;H32;H32;198;198;Mercedes
230101-000754;45501.76661;ENTRA;L79;L79;189;189;Mercedes
230101-000753;45501.76522;ENTRA;V43;V43;193;193;Volvo
230101-000752;45501.76493;ENTRA;L67;L67;207;207;Mercedes
230101-000751;45501.76444;ENTRA;B34;B34;202;202;Volvo
230101-000750;45501.76336;ENTRA;F88;F88;203;203;Mercedes
230101-000749;45501.76296;ENTRA;F28;F28;213;213;Volvo
230101-000748;45501.76267;ENTRA;F93;F93;204;204;Volvo
230101-000747;45501.76014;ENTRA;H92;H92;205;205;Volvo
230101-000746;45501.75985;ENTRA;S77;S77;204;204;Volvo
230101-000745;45501.75771;ENTRA;J63;J63;20;20;Mercedes
230101-000744;45501.75719;ENTRA;V45;V45;204;204;Volvo
230101-000743;45501.75691;ENTRA;J11;J11;23;23;Volvo
230101-000742;45501.75671;ENTRA;L77;L77;20;20;Mercedes
230101-000741;45501.75447;ENTRA;F92;F92;215;215;Volvo
230101-000740;45501.75413;ENTRA;TT43;TT43;208;208;Mercedes
230101-000739;45501.75198;ENTRA;K28;K28;208;208;Volvo
230101-000738;45501.74484;ENTRA;Y28;Y28;21;21;Volvo
230101-000737;45501.74405;ENTRA;Z92;Z92;201;201;Volvo
230101-000736;45501.74377;ENTRA;P27;P27;194;194;Volvo
230101-000735;45501.74325;ENTRA;L80;L80;191;191;Mercedes
230101-000734;45501.74272;ENTRA;Y11;Y11;204;204;Volvo
230101-000733;45501.74227;ENTRA;L31;L31;215;215;Mercedes
230101-000732;45501.74186;ENTRA;F31;F31;223;223;Volvo
230101-000731;45501.74069;ENTRA;R84;R84;203;203;Mercedes
230101-000730;45501.73769;ENTRA;K46;K46;197;197;Volvo
230101-000729;45501.73543;ENTRA;H30;H30;201;201;Mercedes
230101-000728;45501.73238;ENTRA;W58;W58;211;211;Volvo
230101-000727;45501.7292;ENTRA;H21;H21;229;229;Volvo
230101-000726;45501.72574;ENTRA;X32;X32;20;20;Volvo
230101-000725;45501.72475;ENTRA;J79;J79;20;20;Volvo
230101-000724;45501.72162;ENTRA;L13;L13;197;197;Volvo
230101-000723;45501.72113;ENTRA;Z90;Z90;21;21;Volvo
230101-000722;45501.72082;ENTRA;S57;S57;198;198;Volvo
230101-000721;45501.72007;ENTRA;W59;W59;215;215;Volvo
230101-000720;45501.71771;ENTRA;TT43;TT43;204;204;Mercedes
230101-000719;45501.71735;ENTRA;T54;T54;209;209;Mercedes
230101-000718;45501.71515;ENTRA;L78;L78;204;204;Mercedes
230101-000717;45501.71473;ENTRA;Y11;Y11;213;213;Volvo
230101-000716;45501.71397;ENTRA;F51;F51;201;201;Volvo
230101-000715;45501.71365;ENTRA;S79;S79;203;203;Volvo
230101-000714;45501.71339;ENTRA;K48;K48;191;191;Volvo
230101-000713;45501.71106;ENTRA;F88;F88;20;20;Mercedes
230101-000712;45501.71073;ENTRA;S77;S77;207;207;Volvo
230101-000711;45501.71039;ENTRA;Z82;Z82;202;202;Mercedes
230101-000710;45501.70963;ENTRA;V43;V43;205;205;Volvo
230101-000709;45501.70924;ENTRA;Z92;Z92;201;201;Volvo
230101-000708;45501.70896;ENTRA;J10;J10;229;229;Volvo
230101-000707;45501.7076;ENTRA;T53;T53;208;208;Mercedes
230101-000706;45501.70602;ENTRA;V45;V45;213;213;Volvo
230101-000705;45501.70546;ENTRA;J11;J11;23;23;Volvo
230101-000704;45501.705;ENTRA;H32;H32;195;195;Mercedes
230101-000703;45501.70319;ENTRA;T51;T51;207;207;Mercedes
230101-000702;45501.70299;ENTRA;F28;F28;219;219;Volvo
230101-000701;45501.70266;ENTRA;F93;F93;224;224;Volvo
230101-000700;45501.7009;ENTRA;L79;L79;20;20;Mercedes
230101-000699;45501.70059;ENTRA;H30;H30;192;192;Mercedes
230101-000698;45501.70013;ENTRA;F33;F33;214;214;Volvo
230101-000697;45501.69748;ENTRA;W58;W58;213;213;Volvo
230101-000696;45501.69633;ENTRA;L77;L77;203;203;Mercedes
230101-000695;45501.69586;ENTRA;W12;W12;192;192;Mercedes
230101-000694;45501.69465;ENTRA;X31;X31;199;199;Volvo
230101-000693;45501.69321;ENTRA;H92;H92;209;209;Volvo
230101-000692;45501.69234;ENTRA;F29;F29;223;223;Volvo
230101-000691;45501.69019;ENTRA;K47;K47;192;192;Volvo
230101-000690;45501.68527;ENTRA;TT43;TT43;205;205;Mercedes
230101-000689;45501.6803;ENTRA;J63;J63;183;183;Mercedes
230101-000688;45501.67833;ENTRA;L67;L67;202;202;Mercedes
230101-000687;45501.67759;ENTRA;F92;F92;218;218;Volvo
230101-000686;45501.67655;ENTRA;Y11;Y11;204;204;Volvo
230101-000685;45501.67586;ENTRA;X15;X15;204;204;Mercedes
230101-000684;45501.67549;ENTRA;W10;W10;193;193;Mercedes
230101-000683;45501.6713;ENTRA;H21;H21;236;236;Volvo
230101-000682;45501.67063;ENTRA;L13;L13;204;204;Volvo
230101-000681;45501.66925;ENTRA;L31;L31;203;203;Mercedes
230101-000680;45501.66771;ENTRA;L80;L80;197;197;Mercedes
230101-000679;45501.66721;ENTRA;Z90;Z90;208;208;Volvo
230101-000678;45501.66456;ENTRA;W78;W78;207;207;Mercedes
230101-000677;45501.66354;ENTRA;Z92;Z92;206;206;Volvo
230101-000676;45501.65992;ENTRA;R84;R84;181;181;Mercedes
230101-000675;45501.65796;ENTRA;F31;F31;211;211;Volvo
230101-000674;45501.65756;ENTRA;H92;H92;205;205;Volvo
230101-000673;45501.65722;ENTRA;J11;J11;224;224;Volvo
230101-000672;45501.65591;ENTRA;H30;H30;201;201;Mercedes
230101-000671;45501.65451;ENTRA;W58;W58;191;191;Volvo
230101-000670;45501.6541;ENTRA;X32;X32;195;195;Volvo
230101-000669;45501.65266;ENTRA;F88;F88;202;202;Mercedes
230101-000668;45501.65123;ENTRA;TT43;TT43;202;202;Mercedes
230101-000667;45501.65046;ENTRA;W59;W59;204;204;Volvo
230101-000666;45501.64903;ENTRA;Y11;Y11;21;21;Volvo
230101-000665;45501.64825;ENTRA;T53;T53;196;196;Mercedes
230101-000664;45501.64785;ENTRA;J10;J10;224;224;Volvo
230101-000663;45501.64713;ENTRA;L78;L78;189;189;Mercedes
230101-000662;45501.64618;ENTRA;Y28;Y28;193;193;Volvo
230101-000661;45501.64521;ENTRA;W12;W12;204;204;Mercedes
230101-000660;45501.64002;ENTRA;V43;V43;196;196;Volvo
230101-000659;45501.63828;ENTRA;F51;F51;191;191;Volvo
230101-000658;45501.6364;ENTRA;L77;L77;196;196;Mercedes
230101-000657;45501.63373;ENTRA;F28;F28;221;221;Volvo
230101-000656;45501.63339;ENTRA;H32;H32;198;198;Mercedes
230101-000655;45501.63279;ENTRA;L79;L79;184;184;Mercedes
230101-000654;45501.63248;ENTRA;T51;T51;206;206;Mercedes
230101-000653;45501.63222;ENTRA;L13;L13;211;211;Volvo
230101-000652;45501.63191;ENTRA;Z82;Z82;205;205;Mercedes
230101-000651;45501.63073;ENTRA;K48;K48;182;182;Volvo
230101-000650;45501.62626;ENTRA;B34;B34;209;209;Volvo
230101-000649;45501.62554;ENTRA;Z90;Z90;213;213;Volvo
230101-000648;45501.62478;ENTRA;K47;K47;197;197;Volvo
230101-000647;45501.62289;ENTRA;H93;H93;21;21;Volvo
230101-000646;45501.62257;ENTRA;V42;V42;194;194;Volvo
230101-000645;45501.62019;ENTRA;H92;H92;206;206;Volvo
230101-000644;45501.61988;ENTRA;F33;F33;22;22;Volvo
230101-000643;45501.61957;ENTRA;H21;H21;221;221;Volvo
230101-000642;45501.61839;ENTRA;J63;J63;192;192;Mercedes
230101-000641;45501.61683;ENTRA;X15;X15;193;193;Mercedes
230101-000640;45501.61645;ENTRA;Y11;Y11;206;206;Volvo
230101-000639;45501.61436;ENTRA;W10;W10;205;205;Mercedes
230101-000638;45501.61311;ENTRA;L31;L31;208;208;Mercedes
230101-000637;45501.612;ENTRA;TT43;TT43;208;208;Mercedes
230101-000636;45501.61144;ENTRA;F92;F92;214;214;Volvo
230101-000635;45501.60809;ENTRA;Y28;Y28;209;209;Volvo
230101-000634;45501.58118;ENTRA;L78;L78;22;22;Mercedes
230101-000633;45501.5787;ENTRA;X98;X98;191;191;Volvo
230101-000632;45501.57825;ENTRA;K46;K46;198;198;Volvo
230101-000631;45501.57571;ENTRA;F29;F29;235;235;Volvo
230101-000630;45501.5687;ENTRA;Y18;Y18;22;22;Volvo
230101-000629;45501.5685;ENTRA;T43;T43;215;215;Mercedes
230101-000628;45501.56313;ENTRA;W58;W58;202;202;Volvo
230101-000627;45501.55973;ENTRA;S77;S77;207;207;Volvo
230101-000626;45501.55481;ENTRA;L80;L80;198;198;Mercedes
230101-000625;45501.55163;ENTRA;T54;T54;20;20;Mercedes
230101-000624;45501.54978;ENTRA;X32;X32;217;217;Volvo
230101-000623;45501.54659;ENTRA;J10;J10;22;22;Volvo
230101-000622;45501.54544;ENTRA;F88;F88;196;196;Mercedes
230101-000621;45501.54331;ENTRA;B34;B34;209;209;Volvo
230101-000620;45501.54302;ENTRA;W59;W59;20;20;Volvo
230101-000619;45501.54091;ENTRA;S79;S79;205;205;Volvo
230101-000618;45501.54047;ENTRA;T53;T53;192;192;Mercedes
230101-000617;45501.54013;ENTRA;R84;R84;209;209;Mercedes
230101-000616;45501.53983;ENTRA;F31;F31;227;227;Volvo
230101-000615;45501.53513;ENTRA;L77;L77;21;21;Mercedes
230101-000614;45501.53459;ENTRA;K79;K79;216;216;Volvo
230101-000613;45501.53421;ENTRA;F51;F51;208;208;Volvo
230101-000612;45501.53331;ENTRA;Z92;Z92;205;205;Volvo
230101-000611;45501.53049;ENTRA;H32;H32;212;212;Mercedes
230101-000610;45501.53006;ENTRA;Y11;Y11;207;207;Volvo
230101-000609;45501.52786;ENTRA;H92;H92;206;206;Volvo
230101-000608;45501.52725;ENTRA;F28;F28;222;222;Volvo
230101-000607;45501.52605;ENTRA;W58;W58;207;207;Volvo
230101-000606;45501.52549;ENTRA;H93;H93;201;201;Volvo
230101-000605;45501.5249;ENTRA;X15;X15;203;203;Mercedes
230101-000604;45501.52332;ENTRA;H30;H30;215;215;Mercedes
230101-000603;45501.52307;ENTRA;L79;L79;197;197;Mercedes
230101-000602;45501.52286;ENTRA;L67;L67;198;198;Mercedes
230101-000601;45501.52252;ENTRA;W10;W10;206;206;Mercedes
230101-000600;45501.52213;ENTRA;F29;F29;23;23;Volvo
230101-000599;45501.52152;ENTRA;K48;K48;195;195;Volvo
230101-000598;45501.52042;ENTRA;Z90;Z90;194;194;Volvo
230101-000597;45501.51951;ENTRA;TT43;TT43;197;197;Mercedes
230101-000596;45501.51911;ENTRA;K47;K47;196;196;Volvo
230101-000595;45501.51639;ENTRA;H21;H21;232;232;Volvo
230101-000594;45501.51593;ENTRA;Y28;Y28;205;205;Volvo
230101-000593;45501.51561;ENTRA;F92;F92;221;221;Volvo
230101-000592;45501.51524;ENTRA;Z82;Z82;212;212;Mercedes
230101-000591;45501.51497;ENTRA;L31;L31;20;20;Mercedes
230101-000590;45501.51329;ENTRA;T51;T51;201;201;Mercedes
230101-000589;45501.51262;ENTRA;V82;V82;206;206;Mercedes
230101-000588;45501.51067;ENTRA;X33;X33;21;21;Volvo
230101-000587;45501.51049;ENTRA;J63;J63;211;211;Mercedes
230101-000586;45501.50987;ENTRA;S77;S77;208;208;Volvo
230101-000585;45501.50927;ENTRA;K28;K28;215;215;Volvo
230101-000584;45501.50537;ENTRA;F33;F33;218;218;Volvo
230101-000583;45501.50348;ENTRA;X31;X31;213;213;Volvo
230101-000582;45501.50289;ENTRA;T43;T43;207;207;Mercedes
230101-000581;45501.49565;ENTRA;W78;W78;218;218;Mercedes
230101-000580;45501.49428;ENTRA;F88;F88;198;198;Mercedes
230101-000579;45501.4926;ENTRA;Z92;Z92;202;202;Volvo
230101-000578;45501.49123;ENTRA;J10;J10;23;23;Volvo
230101-000577;45501.49017;ENTRA;H92;H92;212;212;Volvo
230101-000576;45501.48975;ENTRA;W58;W58;20;20;Volvo
230101-000575;45501.48789;ENTRA;B34;B34;211;211;Volvo
230101-000574;45501.48757;ENTRA;T53;T53;20;20;Mercedes
230101-000573;45501.48333;ENTRA;S79;S79;211;211;Volvo
230101-000572;45501.48168;ENTRA;K46;K46;211;211;Volvo
230101-000571;45501.48052;ENTRA;Z90;Z90;205;205;Volvo
230101-000570;45501.47868;ENTRA;TT43;TT43;194;194;Mercedes
230101-000569;45501.47777;ENTRA;X32;X32;214;214;Volvo
230101-000568;45501.47642;ENTRA;R84;R84;194;194;Mercedes
230101-000567;45501.47453;ENTRA;H21;H21;22;22;Volvo
230101-000566;45501.47388;ENTRA;Y28;Y28;203;203;Volvo
230101-000565;45501.47309;ENTRA;F51;F51;21;21;Volvo
230101-000564;45501.47205;ENTRA;V82;V82;205;205;Mercedes
230101-000563;45501.47162;ENTRA;S57;S57;207;207;Volvo
230101-000562;45501.47041;ENTRA;W12;W12;202;202;Mercedes
230101-000561;45501.468;ENTRA;K79;K79;227;227;Volvo
230101-000560;45501.46631;ENTRA;L79;L79;197;197;Mercedes
230101-000559;45501.46434;ENTRA;H32;H32;195;195;Mercedes
230101-000558;45501.46367;ENTRA;F28;F28;23;23;Volvo
230101-000557;45501.46064;ENTRA;F92;F92;24;24;Volvo
230101-000556;45501.46027;ENTRA;W10;W10;19;19;Mercedes
230101-000555;45501.45801;ENTRA;K48;K48;192;192;Volvo
230101-000554;45501.45543;ENTRA;L31;L31;206;206;Mercedes
230101-000553;45501.45418;ENTRA;Z82;Z82;205;205;Mercedes
230101-000552;45501.45385;ENTRA;Z92;Z92;206;206;Volvo
230101-000551;45501.45336;ENTRA;W58;W58;201;201;Volvo
230101-000550;45501.45304;ENTRA;J63;J63;197;197;Mercedes
230101-000549;45501.45272;ENTRA;H92;H92;208;208;Volvo
230101-000548;45501.4522;ENTRA;X33;X33;201;201;Volvo
230101-000547;45501.45181;ENTRA;F93;F93;237;237;Volvo
230101-000546;45501.45094;ENTRA;V43;V43;199;199;Volvo
230101-000545;45501.4501;ENTRA;H30;H30;197;197;Mercedes
230101-000544;45501.44972;ENTRA;L67;L67;207;207;Mercedes
230101-000543;45501.44926;ENTRA;X31;X31;227;227;Volvo
230101-000542;45501.44899;ENTRA;T43;T43;203;203;Mercedes
230101-000541;45501.44493;ENTRA;Y11;Y11;195;195;Volvo
230101-000540;45501.44242;ENTRA;Z90;Z90;193;193;Volvo
230101-000539;45501.44196;ENTRA;F33;F33;223;223;Volvo
230101-000538;45501.44128;ENTRA;F29;F29;229;229;Volvo
230101-000537;45501.43972;ENTRA;H21;H21;224;224;Volvo
230101-000536;45501.43881;ENTRA;W78;W78;197;197;Mercedes
230101-000535;45501.43824;ENTRA;Y28;Y28;207;207;Volvo
230101-000534;45501.43789;ENTRA;J10;J10;232;232;Volvo
230101-000533;45501.43741;ENTRA;V82;V82;18;18;Mercedes
230101-000532;45501.43561;ENTRA;T53;T53;198;198;Mercedes
230101-000531;45501.4349;ENTRA;B34;B34;217;217;Volvo
230101-000530;45501.43322;ENTRA;F88;F88;211;211;Mercedes
230101-000529;45501.42807;ENTRA;W59;W59;207;207;Volvo
230101-000528;45501.41935;ENTRA;Z92;Z92;203;203;Volvo
230101-000527;45501.40497;ENTRA;W58;W58;194;194;Volvo
230101-000526;45501.40067;ENTRA;H92;H92;209;209;Volvo
230101-000525;45501.39563;ENTRA;H32;H32;204;204;Mercedes
230101-000524;45501.39478;ENTRA;K79;K79;236;236;Volvo
230101-000523;45501.39419;ENTRA;K47;K47;207;207;Volvo
230101-000522;45501.39328;ENTRA;F92;F92;227;227;Volvo
230101-000521;45501.39288;ENTRA;K48;K48;207;207;Volvo
230101-000520;45501.3925;ENTRA;K29;K29;216;216;Volvo
230101-000519;45501.39205;ENTRA;Z82;Z82;196;196;Mercedes
230101-000518;45501.39171;ENTRA;TT43;TT43;214;214;Mercedes
230101-000517;45501.39139;ENTRA;R84;R84;199;199;Mercedes
230101-000516;45501.391;ENTRA;J63;J63;193;193;Mercedes
230101-000515;45501.39001;ENTRA;F93;F93;233;233;Volvo
230101-000514;45501.38955;ENTRA;L80;L80;21;21;Mercedes
230101-000513;45501.38887;ENTRA;X31;X31;207;207;Volvo
230101-000512;45501.38841;ENTRA;V43;V43;207;207;Volvo
230101-000511;45501.38782;ENTRA;Z90;Z90;217;217;Volvo
230101-000510;45501.38683;ENTRA;T43;T43;188;188;Mercedes
230101-000509;45501.38591;ENTRA;K28;K28;203;203;Volvo
230101-000508;45501.38573;ENTRA;H21;H21;224;224;Volvo
230101-000507;45501.38481;ENTRA;Y28;Y28;194;194;Volvo
230101-000506;45501.38441;ENTRA;V82;V82;198;198;Mercedes
230101-000505;45501.38271;ENTRA;W10;W10;192;192;Mercedes
230101-000504;45501.38028;ENTRA;W78;W78;189;189;Mercedes
230101-000503;45501.37808;ENTRA;J10;J10;212;212;Volvo
230101-000502;45501.3716;ENTRA;F28;F28;209;209;Volvo
230101-000501;45501.37102;ENTRA;W59;W59;193;193;Volvo
230101-000500;45501.36668;ENTRA;L13;L13;187;187;Volvo
230101-000499;45501.2976;ENTRA;F33;F33;216;216;Volvo
230101-000498;45501.28532;ENTRA;Z90;Z90;197;197;Volvo
230101-000497;45501.28229;ENTRA;L31;L31;179;179;Mercedes
230101-000496;45501.27965;ENTRA;F92;F92;221;221;Volvo
230101-000495;45501.27932;ENTRA;K48;K48;202;202;Volvo
230101-000494;45501.27399;ENTRA;W12;W12;181;181;Mercedes
230101-000493;45501.27345;ENTRA;W78;W78;201;201;Mercedes
230101-000492;45501.27222;ENTRA;J10;J10;207;207;Volvo
230101-000491;45501.27104;ENTRA;K47;K47;194;194;Volvo
230101-000490;45501.26987;ENTRA;T53;T53;186;186;Mercedes
230101-000489;45501.26536;ENTRA;L77;L77;187;187;Mercedes
230101-000488;45501.26481;ENTRA;W10;W10;193;193;Mercedes
230101-000487;45501.26021;ENTRA;L67;L67;202;202;Mercedes
230101-000486;45501.25735;ENTRA;B34;B34;20;20;Volvo
230101-000485;45501.25653;ENTRA;S77;S77;204;204;Volvo
230101-000484;45501.25632;ENTRA;W59;W59;197;197;Volvo
230101-000483;45501.25346;ENTRA;F93;F93;214;214;Volvo
230101-000482;45501.25301;ENTRA;K79;K79;22;22;Volvo
230101-000481;45501.24196;ENTRA;S79;S79;198;198;Volvo
230101-000480;45501.23066;ENTRA;L31;L31;186;186;Mercedes
230101-000479;45501.22867;ENTRA;K29;K29;192;192;Volvo
230101-000478;45501.22755;ENTRA;F33;F33;193;193;Volvo
230101-000477;45501.22351;ENTRA;W78;W78;189;189;Mercedes
230101-000476;45501.22285;ENTRA;K28;K28;194;194;Volvo
230101-000475;45501.21929;ENTRA;L78;L78;198;198;Mercedes
230101-000474;45501.21568;ENTRA;S56;S56;189;189;Volvo
230101-000473;45501.21537;ENTRA;H32;H32;191;191;Mercedes
230101-000472;45501.21515;ENTRA;F28;F28;215;215;Volvo
230101-000471;45501.21498;ENTRA;W10;W10;196;196;Mercedes
230101-000470;45501.21443;ENTRA;W58;W58;201;201;Volvo
230101-000469;45501.21422;ENTRA;Z90;Z90;181;181;Volvo
230101-000468;45501.21368;ENTRA;T51;T51;188;188;Mercedes
230101-000467;45501.21169;ENTRA;F92;F92;226;226;Volvo
230101-000466;45501.21128;ENTRA;J10;J10;213;213;Volvo
230101-000465;45501.21046;ENTRA;H30;H30;196;196;Mercedes
230101-000464;45501.20917;ENTRA;K48;K48;197;197;Volvo
230101-000463;45501.20731;ENTRA;H21;H21;213;213;Volvo
230101-000462;45501.20675;ENTRA;K47;K47;186;186;Volvo
230101-000461;45501.1959;ENTRA;S79;S79;195;195;Volvo
230101-000460;45501.18051;ENTRA;L13;L13;21;21;Volvo
230101-000459;45501.17479;ENTRA;T53;T53;198;198;Mercedes
230101-000458;45501.17369;ENTRA;K29;K29;194;194;Volvo
230101-000457;45501.17336;ENTRA;L31;L31;20;20;Mercedes
230101-000456;45501.17214;ENTRA;W78;W78;198;198;Mercedes
230101-000455;45501.16809;ENTRA;K79;K79;207;207;Volvo
230101-000454;45501.16352;ENTRA;W12;W12;19;19;Mercedes
230101-000453;45501.1595;ENTRA;F33;F33;22;22;Volvo
230101-000452;45501.14628;ENTRA;H32;H32;18;18;Mercedes
230101-000451;45501.14368;ENTRA;L78;L78;192;192;Mercedes
230101-000450;45501.13097;ENTRA;Z90;Z90;194;194;Volvo
230101-000449;45501.12477;ENTRA;L31;L31;195;195;Mercedes
230101-000448;45501.1216;ENTRA;W10;W10;189;189;Mercedes
230101-000447;45501.11355;ENTRA;T53;T53;181;181;Mercedes
230101-000446;45501.07958;ENTRA;L13;L13;187;187;Volvo
230101-000445;45501.07096;ENTRA;T51;T51;177;177;Mercedes
230101-000444;45501.0584;ENTRA;J10;J10;204;204;Volvo
230101-000443;45501.05603;ENTRA;H30;H30;193;193;Mercedes
230101-000442;45501.04963;ENTRA;H32;H32;188;188;Mercedes
230101-000441;45501.04906;ENTRA;K79;K79;208;208;Volvo
230101-000440;45501.04443;ENTRA;L78;L78;193;193;Mercedes
230101-000439;45501.04344;ENTRA;F33;F33;213;213;Volvo
230101-000438;45501.03941;ENTRA;L79;L79;185;185;Mercedes
230101-000437;45501.03701;ENTRA;K29;K29;194;194;Volvo
230101-000436;45501.03595;ENTRA;L13;L13;19;19;Volvo
230101-000435;45501.02566;ENTRA;W10;W10;191;191;Mercedes
230101-000434;45501.02081;ENTRA;T53;T53;199;199;Mercedes
230101-000433;45501.01444;ENTRA;T51;T51;183;183;Mercedes
230101-000432;45501.01157;ENTRA;L31;L31;204;204;Mercedes
230101-000431;45501.00432;ENTRA;W12;W12;181;181;Mercedes
230101-000430;45501.00081;ENTRA;L79;L79;20;20;Mercedes
230101-000429;45501.00019;ENTRA;J10;J10;223;223;Volvo
230101-000428;45500.9963;ENTRA;K79;K79;207;207;Volvo
230101-000427;45500.99603;ENTRA;H30;H30;191;191;Mercedes
230101-000426;45500.99321;ENTRA;L78;L78;169;169;Mercedes
230101-000425;45500.99259;ENTRA;L13;L13;201;201;Volvo
230101-000424;45500.98983;ENTRA;V82;V82;199;199;Mercedes
230101-000423;45500.98731;ENTRA;W78;W78;196;196;Mercedes
230101-000422;45500.98697;ENTRA;K48;K48;181;181;Volvo
230101-000421;45500.98265;ENTRA;K29;K29;17;17;Volvo
230101-000420;45500.97924;ENTRA;S79;S79;17;17;Volvo
230101-000419;45500.97891;ENTRA;L80;L80;186;186;Mercedes
230101-000418;45500.97865;ENTRA;W10;W10;191;191;Mercedes
230101-000417;45500.96479;ENTRA;W58;W58;18;18;Volvo
230101-000416;45500.96241;ENTRA;X31;X31;178;178;Volvo
230101-000415;45500.95681;ENTRA;T51;T51;193;193;Mercedes
230101-000414;45500.94543;ENTRA;W12;W12;175;175;Mercedes
230101-000413;45500.94384;ENTRA;L13;L13;207;207;Volvo
230101-000412;45500.94253;ENTRA;J10;J10;227;227;Volvo
230101-000411;45500.9313;ENTRA;S56;S56;185;185;Volvo
230101-000410;45500.92711;ENTRA;T53;T53;205;205;Mercedes
230101-000409;45500.91413;ENTRA;W78;W78;196;196;Mercedes
230101-000408;45500.90523;ENTRA;K48;K48;20;20;Volvo
230101-000407;45500.90193;ENTRA;L78;L78;192;192;Mercedes
230101-000406;45500.89119;ENTRA;X31;X31;212;212;Volvo
230101-000405;45500.8909;ENTRA;Z82;Z82;206;206;Mercedes
230101-000404;45500.89031;ENTRA;W10;W10;21;21;Mercedes
230101-000403;45500.88059;ENTRA;L13;L13;208;208;Volvo
230101-000402;45500.87282;ENTRA;T53;T53;20;20;Mercedes
230101-000401;45500.80671;ENTRA;F28;F28;221;221;Volvo
230101-000400;45500.80591;ENTRA;K46;K46;202;202;Volvo
230101-000399;45500.80487;ENTRA;X33;X33;197;197;Volvo
230101-000398;45500.79502;ENTRA;F88;F88;195;195;Mercedes
230101-000397;45500.79373;ENTRA;W12;W12;196;196;Mercedes
230101-000396;45500.79214;ENTRA;H32;H32;191;191;Mercedes
230101-000395;45500.79027;ENTRA;H21;H21;24;24;Volvo
230101-000394;45500.78978;ENTRA;W78;W78;202;202;Mercedes
230101-000393;45500.78769;ENTRA;F33;F33;201;201;Volvo
230101-000392;45500.78681;ENTRA;K47;K47;207;207;Volvo
230101-000391;45500.78448;ENTRA;S57;S57;192;192;Volvo
230101-000390;45500.78039;ENTRA;H30;H30;197;197;Mercedes
230101-000389;45500.77957;ENTRA;W59;W59;191;191;Volvo
230101-000388;45500.77902;ENTRA;F29;F29;229;229;Volvo
230101-000387;45500.7762;ENTRA;K79;K79;229;229;Volvo
230101-000386;45500.77578;ENTRA;L31;L31;20;20;Mercedes
230101-000385;45500.77447;ENTRA;W60;W60;211;211;Volvo
230101-000384;45500.774;ENTRA;Y11;Y11;205;205;Volvo
230101-000383;45500.77358;ENTRA;B34;B34;205;205;Volvo
230101-000382;45500.77321;ENTRA;L79;L79;194;194;Mercedes
230101-000381;45500.77229;ENTRA;W58;W58;188;188;Volvo
230101-000380;45500.77155;ENTRA;H92;H92;204;204;Volvo
230101-000379;45500.77082;ENTRA;S79;S79;211;211;Volvo
230101-000378;45500.7706;ENTRA;L78;L78;202;202;Mercedes
230101-000377;45500.77014;ENTRA;K48;K48;194;194;Volvo
230101-000376;45500.76705;ENTRA;T43;T43;204;204;Mercedes
230101-000375;45500.7637;ENTRA;V44;V44;19;19;Volvo
230101-000374;45500.7584;ENTRA;Z82;Z82;194;194;Mercedes
230101-000373;45500.75691;ENTRA;TT43;TT43;197;197;Mercedes
230101-000372;45500.75487;ENTRA;L13;L13;196;196;Volvo
230101-000371;45500.75455;ENTRA;Z90;Z90;216;216;Volvo
230101-000370;45500.7535;ENTRA;J63;J63;198;198;Mercedes
230101-000369;45500.75322;ENTRA;Z84;Z84;197;197;Volvo
230101-000368;45500.75124;ENTRA;K28;K28;21;21;Volvo
230101-000367;45500.74965;ENTRA;V43;V43;205;205;Volvo
230101-000366;45500.74814;ENTRA;L67;L67;19;19;Mercedes
230101-000365;45500.74362;ENTRA;F92;F92;218;218;Volvo
230101-000364;45500.74177;ENTRA;W12;W12;201;201;Mercedes
230101-000363;45500.73944;ENTRA;F88;F88;194;194;Mercedes
230101-000362;45500.7376;ENTRA;F28;F28;212;212;Volvo
230101-000361;45500.73624;ENTRA;H32;H32;191;191;Mercedes
230101-000360;45500.73406;ENTRA;H30;H30;211;211;Mercedes
230101-000359;45500.73079;ENTRA;W59;W59;207;207;Volvo
230101-000358;45500.7305;ENTRA;X33;X33;199;199;Volvo
230101-000357;45500.73035;ENTRA;L77;L77;20;20;Mercedes
230101-000356;45500.72917;ENTRA;H21;H21;235;235;Volvo
230101-000355;45500.7289;ENTRA;Z92;Z92;208;208;Volvo
230101-000354;45500.72779;ENTRA;K29;K29;206;206;Volvo
230101-000353;45500.7272;ENTRA;F33;F33;208;208;Volvo
230101-000352;45500.72341;ENTRA;S77;S77;211;211;Volvo
230101-000351;45500.72313;ENTRA;K47;K47;212;212;Volvo
230101-000350;45500.7219;ENTRA;S57;S57;198;198;Volvo
230101-000349;45500.72024;ENTRA;B34;B34;205;205;Volvo
230101-000348;45500.71909;ENTRA;H93;H93;208;208;Volvo
230101-000347;45500.71706;ENTRA;H92;H92;214;214;Volvo
230101-000346;45500.71594;ENTRA;J10;J10;212;212;Volvo
230101-000345;45500.71554;ENTRA;L31;L31;199;199;Mercedes
230101-000344;45500.71398;ENTRA;TT43;TT43;203;203;Mercedes
230101-000343;45500.71328;ENTRA;F31;F31;214;214;Volvo
230101-000342;45500.71064;ENTRA;T53;T53;204;204;Mercedes
230101-000341;45500.70902;ENTRA;L13;L13;201;201;Volvo
230101-000340;45500.70876;ENTRA;R84;R84;197;197;Mercedes
230101-000339;45500.70773;ENTRA;L79;L79;196;196;Mercedes
230101-000338;45500.70648;ENTRA;Z90;Z90;202;202;Volvo
230101-000337;45500.70545;ENTRA;F93;F93;23;23;Volvo
230101-000336;45500.70417;ENTRA;Y28;Y28;21;21;Volvo
230101-000335;45500.70374;ENTRA;T43;T43;21;21;Mercedes
230101-000334;45500.70245;ENTRA;W10;W10;209;209;Mercedes
230101-000333;45500.70213;ENTRA;K48;K48;194;194;Volvo
230101-000332;45500.69865;ENTRA;K28;K28;203;203;Volvo
230101-000331;45500.69251;ENTRA;Z82;Z82;205;205;Mercedes
230101-000330;45500.68688;ENTRA;S56;S56;202;202;Volvo
230101-000329;45500.68529;ENTRA;Z92;Z92;211;211;Volvo
230101-000328;45500.68494;ENTRA;W58;W58;203;203;Volvo
230101-000327;45500.6801;ENTRA;Z84;Z84;209;209;Volvo
230101-000326;45500.67434;ENTRA;H30;H30;208;208;Mercedes
230101-000325;45500.67388;ENTRA;W12;W12;188;188;Mercedes
230101-000324;45500.67354;ENTRA;F92;F92;225;225;Volvo
230101-000323;45500.67273;ENTRA;Y11;Y11;201;201;Volvo
230101-000322;45500.67233;ENTRA;TT43;TT43;215;215;Mercedes
230101-000321;45500.67111;ENTRA;V43;V43;206;206;Volvo
230101-000320;45500.67069;ENTRA;L67;L67;19;19;Mercedes
230101-000319;45500.66918;ENTRA;L13;L13;202;202;Volvo
230101-000318;45500.66344;ENTRA;B34;B34;203;203;Volvo
230101-000317;45500.66243;ENTRA;L77;L77;186;186;Mercedes
230101-000316;45500.66171;ENTRA;K47;K47;203;203;Volvo
230101-000315;45500.66043;ENTRA;S77;S77;20;20;Volvo
230101-000314;45500.65862;ENTRA;J10;J10;229;229;Volvo
230101-000313;45500.65786;ENTRA;Z90;Z90;203;203;Volvo
230101-000312;45500.65634;ENTRA;X33;X33;201;201;Volvo
230101-000311;45500.65561;ENTRA;F28;F28;215;215;Volvo
230101-000310;45500.65481;ENTRA;T53;T53;204;204;Mercedes
230101-000309;45500.65064;ENTRA;H93;H93;194;194;Volvo
230101-000308;45500.64675;ENTRA;L78;L78;188;188;Mercedes
230101-000307;45500.64417;ENTRA;F31;F31;215;215;Volvo
230101-000306;45500.64032;ENTRA;W10;W10;202;202;Mercedes
230101-000305;45500.63999;ENTRA;H30;H30;202;202;Mercedes
230101-000304;45500.63771;ENTRA;L31;L31;204;204;Mercedes
230101-000303;45500.63688;ENTRA;Y11;Y11;201;201;Volvo
230101-000302;45500.63529;ENTRA;Z92;Z92;203;203;Volvo
230101-000301;45500.63075;ENTRA;Z82;Z82;202;202;Mercedes
230101-000300;45500.62598;ENTRA;F93;F93;22;22;Volvo
230101-000299;45500.62095;ENTRA;K28;K28;215;215;Volvo
230101-000298;45500.61787;ENTRA;Z84;Z84;187;187;Volvo
230101-000297;45500.60409;ENTRA;L67;L67;19;19;Mercedes
230101-000296;45500.59221;ENTRA;F28;F28;202;202;Volvo
230101-000283;45500.56792;ENTRA;L80;L80;196;196;Mercedes
230101-000282;45500.5676;ENTRA;F93;F93;231;231;Volvo
230101-000281;45500.56486;ENTRA;S56;S56;198;198;Volvo
230101-000280;45500.56456;ENTRA;K48;K48;183;183;Volvo
230101-000295;45500.56448;ENTRA;L13;L13;212;212;Volvo
230101-000294;45500.56421;ENTRA;K29;K29;211;211;Volvo
230101-000279;45500.56244;ENTRA;K28;K28;203;203;Volvo
230101-000293;45500.56135;ENTRA;F92;F92;218;218;Volvo
230101-000278;45500.55957;ENTRA;Z82;Z82;217;217;Mercedes
230101-000277;45500.55816;ENTRA;Z84;Z84;20;20;Volvo
230101-000276;45500.55669;ENTRA;L13;L13;197;197;Volvo
230101-000292;45500.55458;ENTRA;K47;K47;206;206;Volvo
230101-000275;45500.5535;ENTRA;T51;T51;193;193;Mercedes
230101-000274;45500.551;ENTRA;L77;L77;204;204;Mercedes
230101-000291;45500.55038;ENTRA;L31;L31;21;21;Mercedes
230101-000273;45500.54955;ENTRA;F92;F92;229;229;Volvo
230101-000290;45500.54847;ENTRA;W78;W78;206;206;Mercedes
230101-000272;45500.54698;ENTRA;L67;L67;199;199;Mercedes
230101-000289;45500.5465;ENTRA;X33;X33;189;189;Volvo
230101-000271;45500.54571;ENTRA;Z92;Z92;201;201;Volvo
230101-000288;45500.54532;ENTRA;W10;W10;187;187;Mercedes
230101-000287;45500.54477;ENTRA;J10;J10;225;225;Volvo
230101-000270;45500.54351;ENTRA;L31;L31;214;214;Mercedes
230101-000286;45500.54075;ENTRA;Y11;Y11;204;204;Volvo
230101-000269;45500.53916;ENTRA;K47;K47;198;198;Volvo
230101-000285;45500.53315;ENTRA;H93;H93;219;219;Volvo
230101-000284;45500.53184;ENTRA;F31;F31;219;219;Volvo
230101-000268;45500.49433;ENTRA;V82;V82;199;199;Mercedes
230101-000267;45500.29858;ENTRA;X31;X31;207;207;Volvo
230101-000266;45500.28331;ENTRA;H32;H32;196;196;Mercedes
230101-000265;45500.28315;ENTRA;K48;K48;199;199;Volvo
230101-000264;45500.28267;ENTRA;W59;W59;203;203;Volvo
230101-000263;45500.2792;ENTRA;T51;T51;195;195;Mercedes
230101-000262;45500.27894;ENTRA;W78;W78;198;198;Mercedes
230101-000261;45500.26712;ENTRA;W10;W10;189;189;Mercedes
230101-000260;45500.26428;ENTRA;F33;F33;212;212;Volvo
230101-000259;45500.26282;ENTRA;L13;L13;18;18;Volvo
230101-000258;45500.25941;ENTRA;H30;H30;204;204;Mercedes
230101-000257;45500.2514;ENTRA;T53;T53;193;193;Mercedes
230101-000256;45500.24635;ENTRA;L78;L78;207;207;Mercedes
230101-000255;45500.24578;ENTRA;J10;J10;222;222;Volvo
230101-000254;45500.24358;ENTRA;X31;X31;189;189;Volvo
230101-000253;45500.23808;ENTRA;W59;W59;181;181;Volvo
230101-000252;45500.21925;ENTRA;T51;T51;19;19;Mercedes
230101-000251;45500.21539;ENTRA;T43;T43;192;192;Mercedes
230101-000250;45500.21495;ENTRA;K48;K48;197;197;Volvo
230101-000249;45500.20684;ENTRA;W10;W10;175;175;Mercedes
230101-000248;45500.20605;ENTRA;L13;L13;185;185;Volvo
230101-000247;45500.20486;ENTRA;H30;H30;191;191;Mercedes
230101-000246;45500.19744;ENTRA;T53;T53;194;194;Mercedes
230101-000245;45500.17309;ENTRA;H93;H93;188;188;Volvo
230101-000244;45500.16208;ENTRA;W59;W59;204;204;Volvo
230101-000243;45500.15738;ENTRA;J10;J10;219;219;Volvo
230101-000242;45500.15696;ENTRA;L31;L31;197;197;Mercedes
230101-000241;45500.15352;ENTRA;X31;X31;202;202;Volvo
230101-000240;45500.15311;ENTRA;L78;L78;181;181;Mercedes
230101-000239;45500.13832;ENTRA;H30;H30;196;196;Mercedes
230101-000238;45500.13234;ENTRA;L13;L13;205;205;Volvo
230101-000237;45500.13189;ENTRA;T43;T43;195;195;Mercedes
230101-000236;45500.11752;ENTRA;F33;F33;218;218;Volvo
230101-000235;45500.11694;ENTRA;W10;W10;189;189;Mercedes
230101-000234;45500.10411;ENTRA;J10;J10;216;216;Volvo
230101-000233;45500.08837;ENTRA;H32;H32;208;208;Mercedes
230101-000232;45500.08638;ENTRA;T53;T53;181;181;Mercedes
230101-000231;45500.05887;ENTRA;K48;K48;196;196;Volvo
230101-000230;45500.04986;ENTRA;X31;X31;191;191;Volvo
230101-000229;45500.04927;ENTRA;L31;L31;194;194;Mercedes
230101-000228;45500.04892;ENTRA;R84;R84;199;199;Mercedes
230101-000227;45500.04263;ENTRA;T53;T53;193;193;Mercedes
230101-000226;45500.03042;ENTRA;L13;L13;199;199;Volvo
230101-000225;45500.02875;ENTRA;W10;W10;197;197;Mercedes
230101-000224;45500.02806;ENTRA;T43;T43;201;201;Mercedes
230101-000223;45500.02343;ENTRA;L80;L80;181;181;Mercedes
230101-000222;45500.01916;ENTRA;F33;F33;224;224;Volvo
230101-000221;45500.01726;ENTRA;W59;W59;21;21;Volvo
230101-000220;45500.01244;ENTRA;Z90;Z90;195;195;Volvo
230101-000219;45500.01189;ENTRA;L78;L78;201;201;Mercedes
230101-000218;45500.01059;ENTRA;J10;J10;223;223;Volvo
230101-000217;45500.00073;ENTRA;F92;F92;209;209;Volvo
230101-000216;45500.00023;ENTRA;K48;K48;194;194;Volvo
230101-000215;45499.99809;ENTRA;T53;T53;196;196;Mercedes
230101-000214;45499.98756;ENTRA;L80;L80;185;185;Mercedes
230101-000213;45499.9869;ENTRA;Z92;Z92;196;196;Volvo
230101-000212;45499.98666;ENTRA;X31;X31;203;203;Volvo
230101-000211;45499.9865;ENTRA;H30;H30;199;199;Mercedes
230101-000210;45499.9853;ENTRA;L13;L13;195;195;Volvo
230101-000209;45499.98462;ENTRA;L31;L31;208;208;Mercedes
230101-000208;45499.97328;ENTRA;W59;W59;183;183;Volvo
230101-000207;45499.97303;ENTRA;W10;W10;195;195;Mercedes
230101-000206;45499.95873;ENTRA;L78;L78;197;197;Mercedes
230101-000205;45499.95836;ENTRA;J10;J10;217;217;Volvo
230101-000204;45499.9527;ENTRA;T53;T53;179;179;Mercedes
230101-000203;45499.95095;ENTRA;Z90;Z90;201;201;Volvo
230101-000202;45499.93323;ENTRA;L13;L13;198;198;Volvo
230101-000201;45499.92999;ENTRA;W59;W59;185;185;Volvo
230101-000200;45499.92888;ENTRA;L31;L31;201;201;Mercedes
230101-000199;45499.90365;ENTRA;H30;H30;20;20;Mercedes
230101-000198;45499.87927;ENTRA;W10;W10;197;197;Mercedes
230101-000197;45499.87509;ENTRA;T53;T53;178;178;Mercedes
230101-000196;45499.86784;ENTRA;L78;L78;19;19;Mercedes
230101-000195;45499.86667;ENTRA;X31;X31;211;211;Volvo
230101-000194;45499.8664;ENTRA;R84;R84;195;195;Mercedes
230101-000193;45499.86525;ENTRA;L13;L13;201;201;Volvo
230101-000192;45499.86431;ENTRA;L31;L31;194;194;Mercedes
230101-000191;45499.78067;ENTRA;W10;W10;201;201;Mercedes
230101-000190;45499.77964;ENTRA;F28;F28;206;206;Volvo
230101-000189;45499.77924;ENTRA;TT43;TT43;209;209;Mercedes
230101-000188;45499.77589;ENTRA;V42;V42;20;20;Volvo
230101-000187;45499.77512;ENTRA;K46;K46;199;199;Volvo
230101-000186;45499.77288;ENTRA;K47;K47;192;192;Volvo
230101-000185;45499.77228;ENTRA;H32;H32;193;193;Mercedes
230101-000184;45499.77123;ENTRA;H30;H30;20;20;Mercedes
230101-000183;45499.76987;ENTRA;T51;T51;192;192;Mercedes
230101-000182;45499.76499;ENTRA;W58;W58;209;209;Volvo
230101-000181;45499.76322;ENTRA;Z84;Z84;208;208;Volvo
230101-000180;45499.75863;ENTRA;L31;L31;192;192;Mercedes
230101-000179;45499.75601;ENTRA;W59;W59;212;212;Volvo
230101-000178;45499.75461;ENTRA;L67;L67;188;188;Mercedes
230101-000177;45499.75302;ENTRA;Z82;Z82;197;197;Mercedes
230101-000176;45499.74778;ENTRA;Z92;Z92;207;207;Volvo
230101-000175;45499.74751;ENTRA;X31;X31;209;209;Volvo
230101-000174;45499.74433;ENTRA;K28;K28;219;219;Volvo
230101-000173;45499.74273;ENTRA;R84;R84;195;195;Mercedes
230101-000172;45499.74237;ENTRA;T43;T43;202;202;Mercedes
230101-000171;45499.74135;ENTRA;F31;F31;205;205;Volvo
230101-000170;45499.74087;ENTRA;T51;T51;194;194;Mercedes
230101-000169;45499.73883;ENTRA;B34;B34;213;213;Volvo
230101-000168;45499.73787;ENTRA;J10;J10;215;215;Volvo
230101-000167;45499.73734;ENTRA;TT43;TT43;205;205;Mercedes
230101-000166;45499.73321;ENTRA;L13;L13;205;205;Volvo
230101-000165;45499.73229;ENTRA;W78;W78;20;20;Mercedes
230101-000164;45499.72866;ENTRA;L77;L77;194;194;Mercedes
230101-000163;45499.72318;ENTRA;Y28;Y28;209;209;Volvo
230101-000162;45499.7188;ENTRA;T53;T53;196;196;Mercedes
230101-000161;45499.71775;ENTRA;W10;W10;18;18;Mercedes
230101-000160;45499.71649;ENTRA;H93;H93;20;20;Volvo
230101-000159;45499.71131;ENTRA;T51;T51;191;191;Mercedes
230101-000158;45499.711;ENTRA;F28;F28;223;223;Volvo
230101-000157;45499.71076;ENTRA;Z90;Z90;208;208;Volvo
230101-000156;45499.7102;ENTRA;S57;S57;193;193;Volvo
230101-000155;45499.7066;ENTRA;H32;H32;199;199;Mercedes
230101-000154;45499.69163;ENTRA;W59;W59;205;205;Volvo
230101-000153;45499.69131;ENTRA;L67;L67;194;194;Mercedes
230101-000152;45499.68848;ENTRA;X31;X31;196;196;Volvo
230101-000151;45499.68156;ENTRA;Z82;Z82;198;198;Mercedes
230101-000150;45499.67007;ENTRA;L77;L77;191;191;Mercedes
230101-000149;45499.66295;ENTRA;R84;R84;187;187;Mercedes
230101-000148;45499.65481;ENTRA;J10;J10;222;222;Volvo
230101-000147;45499.65331;ENTRA;Z92;Z92;207;207;Volvo
230101-000146;45499.65162;ENTRA;W78;W78;184;184;Mercedes
230101-000145;45499.64858;ENTRA;S57;S57;196;196;Volvo
230101-000144;45499.64653;ENTRA;T51;T51;20;20;Mercedes
230101-000143;45499.64157;ENTRA;L13;L13;211;211;Volvo
230101-000142;45499.641;ENTRA;W59;W59;206;206;Volvo
230101-000141;45499.63823;ENTRA;F28;F28;227;227;Volvo
230101-000140;45499.63243;ENTRA;X31;X31;194;194;Volvo
230101-000139;45499.60434;ENTRA;W10;W10;201;201;Mercedes
230101-000138;45499.47639;ENTRA;J10;J10;219;219;Volvo
230101-000137;45499.47568;ENTRA;K28;K28;195;195;Volvo
230101-000136;45499.45453;ENTRA;Z82;Z82;188;188;Mercedes
230101-000135;45499.44971;ENTRA;L77;L77;192;192;Mercedes
230101-000134;45499.44894;ENTRA;R84;R84;20;20;Mercedes
230101-000133;45499.4473;ENTRA;W78;W78;19;19;Mercedes
230101-000132;45499.44286;ENTRA;S57;S57;211;211;Volvo
230101-000131;45499.44241;ENTRA;S56;S56;20;20;Volvo
230101-000130;45499.43241;ENTRA;F92;F92;219;219;Volvo
230101-000129;45499.42844;ENTRA;W10;W10;201;201;Mercedes
230101-000128;45499.42421;ENTRA;Z90;Z90;212;212;Volvo
230101-000127;45499.42365;ENTRA;L31;L31;195;195;Mercedes
230101-000126;45499.42153;ENTRA;H32;H32;189;189;Mercedes
230101-000125;45499.4192;ENTRA;W59;W59;212;212;Volvo
230101-000124;45499.40819;ENTRA;L13;L13;202;202;Volvo
230101-000123;45499.3401;ENTRA;J10;J10;226;226;Volvo
230101-000122;45499.32257;ENTRA;L78;L78;201;201;Mercedes
230101-000121;45499.31647;ENTRA;W10;W10;203;203;Mercedes
230101-000120;45499.2975;ENTRA;F92;F92;196;196;Volvo
230101-000119;45499.27553;ENTRA;J10;J10;223;223;Volvo
230101-000118;45499.27206;ENTRA;L78;L78;204;204;Mercedes
230101-000117;45499.26875;ENTRA;L31;L31;199;199;Mercedes
230101-000116;45499.26346;ENTRA;W10;W10;197;197;Mercedes
230101-000115;45499.20296;ENTRA;L13;L13;179;179;Volvo
230101-000114;45499.19814;ENTRA;J10;J10;213;213;Volvo
230101-000113;45499.18403;ENTRA;T53;T53;198;198;Mercedes
230101-000112;45499.18164;ENTRA;L31;L31;201;201;Mercedes
230101-000111;45499.14425;ENTRA;L78;L78;199;199;Mercedes
230101-000110;45499.10317;ENTRA;L13;L13;192;192;Volvo
230101-000109;45499.0992;ENTRA;J10;J10;218;218;Volvo
230101-000108;45499.03977;ENTRA;T53;T53;189;189;Mercedes
230101-000107;45499.01797;ENTRA;X31;X31;201;201;Volvo
230101-000106;45499.01709;ENTRA;L13;L13;207;207;Volvo
230101-000105;45499.00486;ENTRA;J10;J10;206;206;Volvo
230101-000104;45498.99971;ENTRA;F92;F92;207;207;Volvo
230101-000103;45498.98845;ENTRA;T53;T53;202;202;Mercedes
230101-000102;45498.97564;ENTRA;L31;L31;198;198;Mercedes
230101-000101;45498.97368;ENTRA;L13;L13;204;204;Volvo
230101-000100;45498.95892;ENTRA;X31;X31;198;198;Volvo
230101-000099;45498.95273;ENTRA;J10;J10;215;215;Volvo
230101-000098;45498.93712;ENTRA;W10;W10;203;203;Mercedes
230101-000097;45498.92245;ENTRA;L13;L13;184;184;Volvo
230101-000096;45498.92141;ENTRA;L31;L31;216;216;Mercedes
230101-000095;45498.88093;ENTRA;X31;X31;213;213;Volvo
230101-000094;45498.86755;ENTRA;T53;T53;178;178;Mercedes
230101-000093;45498.86661;ENTRA;W59;W59;206;206;Volvo
230101-000092;45498.8645;ENTRA;F92;F92;223;223;Volvo
230101-000091;45498.86324;ENTRA;L78;L78;189;189;Mercedes
230101-000090;45498.86181;ENTRA;V46;V46;189;189;Volvo
230101-000089;45498.85764;ENTRA;W10;W10;201;201;Mercedes
230101-000088;45498.78289;ENTRA;S57;S57;189;189;Volvo
230101-000087;45498.78231;ENTRA;W78;W78;193;193;Mercedes
230101-000086;45498.782;ENTRA;T53;T53;198;198;Mercedes
230101-000085;45498.76831;ENTRA;T43;T43;208;208;Mercedes
230101-000084;45498.76138;ENTRA;W59;W59;21;21;Volvo
230101-000083;45498.75797;ENTRA;F93;F93;218;218;Volvo
230101-000082;45498.75583;ENTRA;L31;L31;201;201;Mercedes
230101-000081;45498.75161;ENTRA;J10;J10;195;195;Volvo
230101-000080;45498.74751;ENTRA;Z90;Z90;208;208;Volvo
230101-000079;45498.74487;ENTRA;F92;F92;205;205;Volvo
230101-000078;45498.74362;ENTRA;W10;W10;202;202;Mercedes
230101-000077;45498.74291;ENTRA;L67;L67;216;216;Mercedes
230101-000076;45498.74231;ENTRA;L13;L13;20;20;Volvo
230101-000075;45498.74147;ENTRA;Z82;Z82;204;204;Mercedes
230101-000074;45498.73334;ENTRA;Z92;Z92;0;0;Volvo
230101-000073;45498.7326;ENTRA;K28;K28;183;183;Volvo
230101-000072;45498.72633;ENTRA;W78;W78;191;191;Mercedes
230101-000071;45498.72527;ENTRA;V46;V46;188;188;Volvo
230101-000070;45498.71096;ENTRA;T51;T51;175;175;Mercedes
230101-000069;45498.70984;ENTRA;S57;S57;201;201;Volvo
230101-000068;45498.70374;ENTRA;F93;F93;208;208;Volvo
230101-000067;45498.70324;ENTRA;L31;L31;206;206;Mercedes
230101-000066;45498.7019;ENTRA;H32;H32;0;0;Mercedes
230101-000065;45498.6998;ENTRA;L13;L13;20;20;Volvo
230101-000064;45498.69927;ENTRA;X31;X31;206;206;Volvo
230101-000063;45498.69898;ENTRA;L78;L78;185;185;Mercedes
230101-000062;45498.69693;ENTRA;Z90;Z90;208;208;Volvo
230101-000061;45498.69494;ENTRA;F92;F92;218;218;Volvo
230101-000060;45498.68315;ENTRA;J10;J10;227;227;Volvo
230101-000059;45498.68081;ENTRA;Z82;Z82;191;191;Mercedes
230101-000058;45498.66374;ENTRA;L67;L67;185;185;Mercedes
230101-000057;45498.65999;ENTRA;L13;L13;206;206;Volvo
230101-000056;45498.65854;ENTRA;V46;V46;189;189;Volvo
230101-000055;45498.65593;ENTRA;K28;K28;206;206;Volvo
230101-000054;45498.64976;ENTRA;S56;S56;201;201;Volvo
230101-000053;45498.6472;ENTRA;W59;W59;20;20;Volvo
230101-000052;45498.64656;ENTRA;Z92;Z92;206;206;Volvo
230101-000051;45498.64332;ENTRA;Z90;Z90;201;201;Volvo
230101-000050;45498.60956;ENTRA;W78;W78;212;212;Mercedes
230101-000049;45498.60601;ENTRA;K28;K28;205;205;Volvo
230101-000048;45498.59212;ENTRA;L77;L77;214;214;Mercedes
230101-000047;45498.578;ENTRA;F92;F92;204;204;Volvo
230101-000046;45498.5484;ENTRA;W10;W10;175;175;Mercedes
230101-000045;45498.54711;ENTRA;V46;V46;215;215;Volvo
230101-000044;45498.53951;ENTRA;L31;L31;193;193;Mercedes
230101-000043;45498.53726;ENTRA;W59;W59;204;204;Volvo
230101-000042;45498.53076;ENTRA;X31;X31;211;211;Volvo
230101-000041;45498.52824;ENTRA;L78;L78;177;177;Mercedes
230101-000040;45498.52788;ENTRA;S57;S57;214;214;Volvo
230101-000039;45498.51438;ENTRA;T51;T51;20;20;Mercedes
230101-000038;45498.51047;ENTRA;W78;W78;19;19;Mercedes
230101-000037;45498.49728;ENTRA;W10;W10;184;184;Mercedes
230101-000036;45498.49406;ENTRA;F31;F31;229;229;Volvo
230101-000035;45498.49097;ENTRA;L31;L31;192;192;Mercedes
230101-000034;45498.47273;ENTRA;L78;L78;209;209;Mercedes
230101-000033;45498.42876;ENTRA;W10;W10;189;189;Mercedes
230101-000032;45498.41278;ENTRA;T51;T51;213;213;Mercedes
230101-000031;45498.38237;ENTRA;S56;S56;177;177;Volvo
230101-000030;45498.37294;ENTRA;W10;W10;195;195;Mercedes
230101-000029;45498.27953;ENTRA;X31;X31;19;19;Volvo
230101-000028;45498.26334;ENTRA;W10;W10;191;191;Mercedes
230101-000027;45498.21767;ENTRA;W10;W10;196;196;Mercedes
230101-000026;45498.21161;ENTRA;X31;X31;204;204;Volvo
230101-000025;45498.19799;ENTRA;S56;S56;217;217;Volvo
230101-000024;45498.13811;ENTRA;W10;W10;202;202;Mercedes
230101-000023;45497.86969;ENTRA;T51;T51;191;191;Mercedes
230101-000022;45497.80056;ENTRA;K28;K28;184;184;Volvo
230101-000015;45497.7885;ENTRA;H32;H32;207;207;Mercedes
230101-000014;45497.78682;ENTRA;Z90;Z90;0;0;Volvo
230101-000013;45497.78508;ENTRA;H32;H32;194;194;Mercedes
230101-000012;45497.78113;ENTRA;Z90;Z90;0;0;Volvo
230101-000011;45497.7723;ENTRA;H32;H32;201;201;Mercedes
230101-000021;45497.77132;ENTRA;Z90;Z90;206;206;Volvo
230101-000010;45497.76778;ENTRA;H32;H32;188;188;Mercedes
230101-000009;45497.76654;ENTRA;S56;S56;189;189;Volvo
230101-000008;45497.76564;ENTRA;H32;H32;195;195;Mercedes
230101-000007;45497.7649;ENTRA;T51;T51;192;192;Mercedes
230101-000020;45497.76153;ENTRA;X31;X31;194;194;Volvo
230101-000019;45497.75661;ENTRA;W10;W10;21;21;Mercedes
230101-000018;45497.74946;ENTRA;H32;H32;201;201;Mercedes
230101-000017;45497.74862;ENTRA;K28;K28;199;199;Volvo
230101-000016;45497.74787;ENTRA;H32;H32;20;20;Mercedes
